{
  "model": "hybrid",
  "num_slices": 1176,
  "mean_dice": 0.8408973219054792,
  "mean_iou": 0.757744687208761,
  "mean_hausdorff": 14.265577044476553,
  "median_dice": 0.9080982804298401,
  "median_iou": 0.8316667377948761,
  "std_dice": 0.18530153562507332
}