{
  "model": "unet",
  "num_slices": 1176,
  "mean_dice": 0.8338889866666518,
  "mean_iou": 0.7511742000191195,
  "mean_hausdorff": 14.984268466952633,
  "median_dice": 0.9073246121406555,
  "median_iou": 0.8303698003292084,
  "std_dice": 0.1993224662496859
}